order_id,return_date,refund_amount,return_reason,restocking_fee,shipping_refunded
4,2023-10-15,670.8,Found Cheaper,0,0.0
5,2024-01-15,229.06,Defective,0,0.0
11,2023-01-28,488.15,Wrong Size,0,0.0
17,2024-10-19,97.86,Wrong Size,0,0.0
20,2024-01-15,380.7,Changed Mind,0,0.0
25,2023-05-09,322.08,Wrong Size,0,0.0
29,2024-12-09,277.73,Wrong Size,0,0.0
33,2023-07-12,343.23,Changed Mind,0,0.0
43,2023-05-30,1716.48,Not as Described,0,0.0
44,2024-10-12,307.55,Changed Mind,0,0.0
64,2023-04-29,394.24,Changed Mind,0,0.0
68,2023-07-26,1549.63,Changed Mind,0,0.0
88,2023-04-11,617.35,Defective,0,0.0
93,2024-07-07,237.71,Changed Mind,0,0.0
94,2023-02-19,699.49,Not as Described,0,0.0
109,2024-11-11,184.31,Wrong Size,0,0.0
113,2023-02-22,1195.85,Changed Mind,0,0.0
125,2024-01-03,53.88,Found Cheaper,0,0.0
129,2023-11-23,2358.94,Not as Described,0,0.0
135,2024-03-27,374.52,Changed Mind,0,0.0
143,2024-11-22,958.3,Changed Mind,0,0.0
150,2023-05-17,687.13,Found Cheaper,0,0.0
155,2024-10-15,766.79,Wrong Size,0,0.0
161,2023-11-02,613.97,Not as Described,0,0.0
167,2023-06-12,532.47,Wrong Size,0,0.0
173,2024-10-09,852.29,Changed Mind,0,0.0
177,2023-01-23,777.34,Changed Mind,0,0.0
180,2023-08-15,477.33,Found Cheaper,0,0.0
183,2023-06-19,61.15,Wrong Size,0,0.0
190,2024-09-03,247.51,Changed Mind,0,0.0
194,2023-05-21,453.23,Changed Mind,0,0.0
199,2023-12-02,154.24,Not as Described,0,0.0
225,2024-05-10,649.07,Wrong Size,0,0.0
228,2024-02-03,452.36,Changed Mind,0,0.0
234,2024-10-08,560.35,Defective,0,0.0
239,2024-09-27,297.55,Changed Mind,0,0.0
247,2024-07-16,730.27,Changed Mind,0,0.0
260,2024-10-11,297.35,Found Cheaper,0,0.0
261,2023-02-17,249.83,Found Cheaper,0,0.0
262,2024-08-26,765.34,Changed Mind,0,0.0
277,2024-09-25,295.54,Found Cheaper,0,0.0
278,2024-05-08,609.71,Changed Mind,0,0.0
284,2024-07-05,429.0,Defective,0,0.0
295,2023-02-21,1669.36,Changed Mind,0,0.0
301,2024-11-30,361.59,Wrong Size,0,0.0
324,2024-02-21,452.69,Changed Mind,0,0.0
327,2024-03-19,107.57,Not as Described,0,0.0
329,2023-08-04,917.19,Defective,0,0.0
335,2024-07-10,1813.22,Wrong Size,0,0.0
345,2023-12-04,487.5,Found Cheaper,0,0.0
349,2023-05-12,974.93,Changed Mind,0,0.0
370,2023-11-17,85.3,Not as Described,0,0.0
375,2023-09-26,2372.63,Defective,0,0.0
388,2024-11-13,447.47,Wrong Size,0,0.0
389,2023-07-13,204.35,Found Cheaper,0,0.0
390,2023-07-20,79.16,Wrong Size,0,0.0
392,2024-10-23,297.5,Wrong Size,0,0.0
395,2024-03-12,1824.97,Wrong Size,0,0.0
411,2023-04-09,129.72,Wrong Size,0,0.0
413,2024-04-04,547.28,Not as Described,0,0.0
415,2023-03-24,260.9,Changed Mind,0,0.0
416,2024-07-14,307.16,Defective,0,0.0
417,2023-06-26,107.57,Found Cheaper,0,0.0
433,2023-03-22,45.83,Changed Mind,0,0.0
439,2023-01-28,71.18,Defective,0,0.0
442,2023-09-29,201.51,Changed Mind,0,0.0
443,2023-09-22,930.59,Found Cheaper,0,0.0
447,2024-04-12,587.01,Changed Mind,0,0.0
448,2023-03-21,203.86,Changed Mind,0,0.0
449,2024-10-01,1064.82,Defective,0,0.0
472,2024-05-15,957.13,Wrong Size,0,0.0
473,2023-09-11,1944.52,Wrong Size,0,0.0
482,2023-07-26,247.47,Wrong Size,0,0.0
485,2024-06-13,64.55,Not as Described,0,0.0
490,2024-05-18,107.46,Found Cheaper,0,0.0
492,2024-08-11,292.59,Found Cheaper,0,0.0
511,2024-04-04,988.66,Wrong Size,0,0.0
523,2023-08-15,258.24,Changed Mind,0,0.0
525,2024-11-06,871.33,Found Cheaper,0,0.0
526,2024-07-09,777.44,Found Cheaper,0,0.0
535,2024-09-15,241.04,Defective,0,0.0
568,2023-12-17,1144.39,Not as Described,0,0.0
576,2024-10-01,508.16,Wrong Size,0,0.0
588,2023-05-05,108.76,Found Cheaper,0,0.0
591,2024-06-11,358.08,Changed Mind,0,0.0
593,2024-04-15,1279.25,Changed Mind,0,0.0
594,2024-03-07,612.7,Changed Mind,0,0.0
609,2023-10-27,473.5,Found Cheaper,0,0.0
611,2024-07-17,304.43,Not as Described,0,0.0
618,2024-01-22,239.4,Changed Mind,0,0.0
624,2024-05-04,289.08,Defective,0,0.0
627,2024-05-29,942.16,Wrong Size,0,0.0
638,2024-02-13,1007.23,Found Cheaper,0,0.0
653,2024-02-05,341.54,Changed Mind,0,0.0
654,2023-06-17,1249.34,Found Cheaper,0,0.0
675,2024-11-29,224.59,Found Cheaper,0,0.0
676,2023-03-14,53.15,Found Cheaper,0,0.0
690,2024-08-05,747.34,Not as Described,0,0.0
693,2024-07-27,951.58,Not as Described,0,0.0
694,2023-11-04,2119.65,Defective,0,0.0
696,2023-11-25,438.37,Defective,0,0.0
703,2024-05-17,1417.82,Not as Described,0,0.0
704,2023-05-04,626.08,Changed Mind,0,0.0
720,2023-09-26,1030.51,Not as Described,0,0.0
724,2023-07-27,347.39,Changed Mind,0,0.0
725,2023-07-10,413.91,Changed Mind,0,0.0
727,2024-02-19,662.11,Defective,0,0.0
728,2024-01-28,435.39,Found Cheaper,0,0.0
738,2024-06-27,90.58,Wrong Size,0,0.0
741,2024-12-09,577.63,Found Cheaper,0,0.0
747,2024-06-15,1471.23,Not as Described,0,0.0
755,2023-01-31,395.69,Changed Mind,0,0.0
760,2023-05-15,792.79,Found Cheaper,0,0.0
761,2023-11-20,1497.21,Not as Described,0,0.0
772,2024-07-04,437.17,Defective,0,0.0
776,2023-08-31,1153.3,Defective,0,0.0
778,2024-06-14,1311.23,Wrong Size,0,0.0
785,2023-11-15,95.85,Changed Mind,0,0.0
800,2023-11-16,996.46,Wrong Size,0,0.0
803,2023-08-03,75.09,Wrong Size,0,0.0
807,2023-08-09,91.64,Not as Described,0,0.0
808,2024-02-01,339.88,Found Cheaper,0,0.0
834,2024-05-19,1386.84,Wrong Size,0,0.0
842,2024-01-01,1406.5,Not as Described,0,0.0
844,2023-09-22,274.92,Wrong Size,0,0.0
856,2023-04-15,1928.99,Wrong Size,0,0.0
864,2023-04-02,157.56,Changed Mind,0,0.0
865,2023-06-17,608.6,Defective,0,0.0
870,2023-11-25,489.09,Defective,0,0.0
878,2024-10-08,736.47,Not as Described,0,0.0
883,2023-09-19,48.94,Found Cheaper,0,0.0
885,2023-10-16,1119.32,Defective,0,0.0
895,2023-12-26,31.86,Wrong Size,0,7.99
905,2023-07-06,198.25,Wrong Size,0,0.0
913,2024-05-21,154.74,Found Cheaper,0,0.0
926,2024-07-22,120.64,Found Cheaper,0,0.0
928,2024-03-04,377.97,Wrong Size,0,0.0
937,2023-12-09,174.63,Defective,0,0.0
938,2023-03-06,688.87,Defective,0,0.0
943,2024-08-21,543.55,Changed Mind,0,0.0
945,2023-11-30,33.94,Found Cheaper,0,0.0
950,2024-10-03,452.01,Found Cheaper,0,0.0
965,2024-10-05,2213.79,Not as Described,0,0.0
969,2023-10-08,382.43,Wrong Size,0,0.0
970,2024-01-29,264.24,Found Cheaper,0,0.0
979,2024-06-17,327.64,Changed Mind,0,0.0
980,2023-01-06,251.79,Defective,0,0.0
995,2023-03-26,125.72,Found Cheaper,0,0.0
999,2023-06-15,27.76,Defective,0,7.99
1001,2024-10-04,170.83,Not as Described,0,0.0
1004,2023-01-29,432.2,Defective,0,0.0
1009,2024-01-24,1006.79,Not as Described,0,0.0
1010,2024-09-21,955.26,Changed Mind,0,0.0
1036,2024-12-05,727.28,Not as Described,0,0.0
1045,2023-06-19,428.1,Changed Mind,0,0.0
1048,2023-03-23,720.99,Found Cheaper,0,0.0
1052,2023-08-08,360.67,Defective,0,0.0
1054,2023-10-06,790.55,Found Cheaper,0,0.0
1059,2023-11-21,2653.94,Found Cheaper,0,0.0
1063,2023-11-03,303.93,Wrong Size,0,0.0
1065,2024-01-08,564.33,Not as Described,0,0.0
1078,2024-08-12,463.87,Wrong Size,0,0.0
1089,2023-10-14,2095.11,Changed Mind,0,0.0
1090,2023-07-14,320.03,Not as Described,0,0.0
1093,2023-10-18,168.02,Not as Described,0,0.0
1097,2024-12-17,101.79,Not as Described,0,0.0
1103,2023-08-08,40.76,Wrong Size,0,0.0
1105,2023-02-24,174.9,Defective,0,0.0
1106,2023-07-28,421.04,Wrong Size,0,0.0
1108,2024-10-22,238.8,Defective,0,0.0
1114,2024-09-19,619.62,Changed Mind,0,0.0
1117,2024-07-09,616.19,Not as Described,0,0.0
1123,2023-01-31,840.2,Found Cheaper,0,0.0
1125,2024-05-12,206.04,Changed Mind,0,0.0
1129,2024-01-10,58.15,Changed Mind,0,0.0
1130,2023-01-21,615.39,Wrong Size,0,0.0
1154,2024-07-15,122.46,Changed Mind,0,0.0
1156,2024-01-19,703.94,Changed Mind,0,0.0
1157,2023-03-07,298.42,Changed Mind,0,0.0
1174,2023-06-05,566.88,Found Cheaper,0,0.0
1183,2024-04-03,348.32,Changed Mind,0,0.0
1186,2024-04-26,356.3,Wrong Size,0,0.0
1191,2023-09-19,121.24,Wrong Size,0,0.0
1195,2023-02-07,611.99,Changed Mind,0,0.0
1214,2023-04-02,102.38,Wrong Size,0,0.0
1221,2023-07-02,658.96,Defective,0,0.0
1242,2023-05-12,409.81,Defective,0,0.0
1243,2024-02-25,60.84,Wrong Size,0,0.0
1253,2023-02-12,381.78,Wrong Size,0,0.0
1262,2023-06-28,798.71,Not as Described,0,0.0
1267,2023-04-14,1239.09,Changed Mind,0,0.0
1271,2024-07-10,247.49,Defective,0,0.0
1277,2024-05-17,384.34,Found Cheaper,0,0.0
1280,2024-05-28,1193.81,Wrong Size,0,0.0
1288,2023-08-08,1402.36,Defective,0,0.0
1298,2023-04-23,336.94,Changed Mind,0,0.0
1307,2024-01-28,215.76,Defective,0,0.0
1309,2023-11-12,929.09,Changed Mind,0,0.0
1314,2023-12-12,1131.55,Changed Mind,0,0.0
1332,2024-07-20,264.45,Not as Described,0,0.0
1338,2023-06-21,142.17,Changed Mind,0,0.0
1341,2024-03-22,82.6,Wrong Size,0,0.0
1346,2024-02-19,1282.49,Found Cheaper,0,0.0
1353,2023-06-04,51.29,Wrong Size,0,0.0
1359,2024-07-13,1151.67,Found Cheaper,0,0.0
1360,2024-09-24,156.91,Wrong Size,0,0.0
1365,2024-09-07,65.7,Found Cheaper,0,0.0
1372,2023-12-24,242.42,Changed Mind,0,0.0
1384,2024-03-02,1056.71,Defective,0,0.0
1389,2023-01-24,145.26,Defective,0,0.0
1390,2024-06-12,365.49,Changed Mind,0,0.0
1400,2023-05-05,192.98,Found Cheaper,0,0.0
1403,2023-01-18,678.8,Defective,0,0.0
1404,2024-04-09,301.84,Not as Described,0,0.0
1413,2023-05-08,697.62,Found Cheaper,0,0.0
1415,2024-11-15,736.94,Wrong Size,0,0.0
1419,2023-09-11,477.96,Found Cheaper,0,0.0
1425,2023-11-02,744.36,Changed Mind,0,0.0
1442,2024-05-26,1678.34,Changed Mind,0,0.0
1446,2024-08-21,1067.73,Found Cheaper,0,0.0
1447,2024-04-15,183.02,Found Cheaper,0,0.0
1457,2023-08-29,857.41,Changed Mind,0,0.0
1458,2023-01-07,345.14,Defective,0,0.0
1468,2024-09-14,1289.21,Wrong Size,0,0.0
1469,2023-03-27,66.81,Found Cheaper,0,0.0
1477,2024-04-22,103.87,Found Cheaper,0,0.0
1479,2024-07-24,1013.89,Found Cheaper,0,0.0
1480,2023-08-22,493.98,Changed Mind,0,0.0
1486,2023-06-30,215.45,Found Cheaper,0,0.0
1491,2024-05-30,155.99,Changed Mind,0,0.0
1493,2023-04-17,1067.7,Changed Mind,0,0.0
1503,2024-05-29,881.44,Changed Mind,0,0.0
1514,2023-09-11,2770.07,Defective,0,0.0
1515,2024-09-03,811.95,Changed Mind,0,0.0
1521,2024-04-04,177.91,Wrong Size,0,0.0
1524,2023-02-15,399.4,Wrong Size,0,0.0
1531,2024-12-03,90.76,Wrong Size,0,0.0
1545,2023-04-30,368.97,Changed Mind,0,0.0
1553,2023-12-02,590.63,Found Cheaper,0,0.0
1559,2023-07-25,58.13,Changed Mind,0,0.0
1576,2023-12-18,2603.69,Changed Mind,0,0.0
1597,2023-06-04,309.39,Found Cheaper,0,0.0
1605,2024-12-18,485.99,Defective,0,0.0
1609,2024-04-14,298.22,Wrong Size,0,0.0
1610,2024-04-12,454.79,Found Cheaper,0,0.0
1611,2024-10-26,871.41,Changed Mind,0,0.0
1617,2023-09-08,28.61,Changed Mind,0,7.99
1619,2023-07-16,415.47,Changed Mind,0,0.0
1622,2023-03-16,13.07,Defective,0,7.99
1626,2023-05-06,1138.91,Defective,0,0.0
1632,2023-02-21,152.25,Wrong Size,0,0.0
1638,2023-07-20,1095.66,Found Cheaper,0,0.0
1639,2023-01-25,228.1,Not as Described,0,0.0
1640,2023-12-01,670.4,Wrong Size,0,0.0
1645,2023-03-06,247.89,Wrong Size,0,0.0
1666,2023-01-24,79.26,Found Cheaper,0,0.0
1675,2023-12-14,485.47,Not as Described,0,0.0
1682,2023-01-28,323.41,Defective,0,0.0
1685,2024-01-02,630.19,Wrong Size,0,0.0
1686,2023-11-01,273.93,Found Cheaper,0,0.0
1697,2023-02-26,2429.75,Wrong Size,0,0.0
1713,2023-03-03,149.53,Defective,0,0.0
1723,2023-06-21,1611.12,Changed Mind,0,0.0
1724,2024-02-12,218.16,Wrong Size,0,0.0
1725,2024-08-03,467.19,Changed Mind,0,0.0
1730,2023-05-03,565.85,Wrong Size,0,0.0
1746,2023-10-25,330.58,Changed Mind,0,0.0
1751,2023-05-03,1401.5,Not as Described,0,0.0
1753,2024-07-23,1533.15,Defective,0,0.0
1759,2023-03-09,92.06,Found Cheaper,0,0.0
1760,2023-08-12,83.11,Not as Described,0,0.0
1761,2023-06-07,231.27,Found Cheaper,0,0.0
1765,2024-06-07,49.84,Wrong Size,0,0.0
1783,2023-01-12,477.35,Changed Mind,0,0.0
1786,2023-07-30,931.8,Changed Mind,0,0.0
1789,2023-09-01,73.53,Wrong Size,0,0.0
1802,2023-02-03,661.11,Found Cheaper,0,0.0
1806,2024-02-05,226.87,Changed Mind,0,0.0
1812,2024-02-10,359.48,Defective,0,0.0
1816,2023-01-19,242.67,Found Cheaper,0,0.0
1820,2023-05-02,1386.51,Changed Mind,0,0.0
1823,2024-10-11,455.17,Changed Mind,0,0.0
1827,2023-03-29,3590.21,Changed Mind,0,0.0
1833,2023-12-20,976.78,Wrong Size,0,0.0
1837,2023-04-16,642.35,Changed Mind,0,0.0
1843,2023-12-24,401.62,Wrong Size,0,0.0
1845,2023-07-20,535.52,Changed Mind,0,0.0
1846,2023-06-05,1595.04,Defective,0,0.0
1850,2023-11-27,162.62,Wrong Size,0,0.0
1852,2023-02-01,524.56,Defective,0,0.0
1863,2023-05-26,304.58,Defective,0,0.0
1866,2023-09-25,769.96,Defective,0,0.0
1869,2024-06-03,850.23,Changed Mind,0,0.0
1881,2024-05-22,277.94,Defective,0,0.0
1895,2023-02-21,156.04,Wrong Size,0,0.0
1897,2024-11-15,49.97,Not as Described,0,0.0
1900,2024-07-07,379.15,Wrong Size,0,0.0
1913,2024-05-21,593.26,Wrong Size,0,0.0
1914,2024-02-08,358.97,Defective,0,0.0
1916,2023-03-17,768.7,Found Cheaper,0,0.0
1919,2024-02-13,136.48,Changed Mind,0,0.0
1922,2023-01-20,434.68,Found Cheaper,0,0.0
1923,2024-09-07,1201.79,Not as Described,0,0.0
1926,2023-08-05,312.69,Wrong Size,0,0.0
1929,2024-06-05,190.83,Changed Mind,0,0.0
1935,2023-07-29,46.62,Wrong Size,0,0.0
1944,2024-04-15,209.67,Wrong Size,0,0.0
1956,2023-03-19,779.84,Changed Mind,0,0.0
1959,2023-12-30,1312.07,Changed Mind,0,0.0
1962,2023-08-29,543.71,Changed Mind,0,0.0
1974,2023-11-30,942.73,Changed Mind,0,0.0
1978,2023-12-27,473.49,Not as Described,0,0.0
1980,2024-11-21,251.35,Found Cheaper,0,0.0
1985,2024-08-13,48.33,Not as Described,0,0.0
1990,2024-02-15,363.4,Wrong Size,0,0.0
1993,2024-10-08,769.6,Found Cheaper,0,0.0
1998,2023-06-10,486.65,Wrong Size,0,0.0
2003,2023-08-26,1731.08,Found Cheaper,0,0.0
2021,2023-02-12,272.69,Changed Mind,0,0.0
2027,2024-05-08,1415.86,Defective,0,0.0
2035,2023-06-11,1463.77,Changed Mind,0,0.0
2040,2023-11-06,224.8,Changed Mind,0,0.0
2050,2023-10-20,534.33,Defective,0,0.0
2061,2023-04-30,419.89,Defective,0,0.0
2067,2024-02-05,1640.9,Wrong Size,0,0.0
2079,2023-05-01,442.63,Wrong Size,0,0.0
2099,2024-08-24,181.33,Found Cheaper,0,0.0
2100,2023-06-06,562.8,Wrong Size,0,0.0
2114,2023-08-31,148.92,Changed Mind,0,0.0
2117,2023-07-28,1269.37,Defective,0,0.0
2118,2023-01-24,320.41,Wrong Size,0,0.0
2129,2023-11-29,2036.62,Wrong Size,0,0.0
2130,2023-07-04,323.06,Changed Mind,0,0.0
2141,2024-08-19,1667.19,Changed Mind,0,0.0
2147,2023-11-26,493.08,Defective,0,0.0
2160,2023-10-23,259.24,Changed Mind,0,0.0
2164,2024-05-24,125.51,Found Cheaper,0,0.0
2171,2023-04-18,178.33,Found Cheaper,0,0.0
2175,2024-03-20,414.75,Changed Mind,0,0.0
2184,2024-10-22,681.64,Wrong Size,0,0.0
2203,2024-03-08,100.37,Defective,0,0.0
2205,2023-10-22,180.08,Changed Mind,0,0.0
2211,2023-09-08,340.57,Changed Mind,0,0.0
2236,2024-01-16,157.09,Changed Mind,0,0.0
2242,2024-02-05,257.09,Found Cheaper,0,0.0
2252,2024-11-20,533.22,Wrong Size,0,0.0
2257,2023-02-05,394.47,Found Cheaper,0,0.0
2261,2023-02-24,239.25,Changed Mind,0,0.0
2262,2024-01-26,637.25,Found Cheaper,0,0.0
2267,2024-06-02,304.83,Changed Mind,0,0.0
2270,2023-05-14,785.84,Changed Mind,0,0.0
2277,2024-01-08,270.88,Not as Described,0,0.0
2283,2024-08-07,891.78,Wrong Size,0,0.0
2303,2023-06-29,281.43,Wrong Size,0,0.0
2311,2024-11-14,705.88,Wrong Size,0,0.0
2313,2024-08-18,265.25,Not as Described,0,0.0
2319,2023-06-24,306.32,Not as Described,0,0.0
2335,2023-11-26,451.53,Changed Mind,0,0.0
2336,2024-11-01,922.51,Found Cheaper,0,0.0
2343,2024-10-14,256.26,Found Cheaper,0,0.0
2345,2023-10-04,60.06,Changed Mind,0,0.0
2351,2023-12-09,548.18,Found Cheaper,0,0.0
2352,2024-01-13,638.39,Changed Mind,0,0.0
2361,2024-01-10,338.36,Defective,0,0.0
2371,2023-04-06,1647.9,Wrong Size,0,0.0
2373,2023-10-03,950.41,Wrong Size,0,0.0
2375,2023-06-04,127.15,Not as Described,0,0.0
2377,2024-05-31,440.82,Found Cheaper,0,0.0
2382,2023-06-05,122.7,Changed Mind,0,0.0
2385,2024-10-26,804.47,Found Cheaper,0,0.0
2386,2023-08-31,138.84,Changed Mind,0,0.0
2389,2023-07-20,486.47,Found Cheaper,0,0.0
2394,2024-07-24,84.14,Changed Mind,0,0.0
2402,2024-08-27,304.82,Not as Described,0,0.0
2405,2024-01-12,339.86,Defective,0,0.0
2424,2024-04-21,60.27,Found Cheaper,0,0.0
2430,2023-03-25,346.68,Changed Mind,0,0.0
2436,2024-04-27,712.43,Wrong Size,0,0.0
2455,2023-12-08,1366.87,Not as Described,0,0.0
2460,2023-07-18,873.83,Defective,0,0.0
2461,2024-01-02,75.63,Found Cheaper,0,0.0
2463,2023-07-06,1032.45,Changed Mind,0,0.0
2464,2023-12-12,217.89,Defective,0,0.0
2465,2023-10-07,830.25,Changed Mind,0,0.0
2468,2023-05-14,243.6,Changed Mind,0,0.0
2470,2023-09-18,162.12,Changed Mind,0,0.0
2471,2024-05-03,167.12,Changed Mind,0,0.0
2478,2024-03-03,1966.65,Found Cheaper,0,0.0
2483,2023-12-29,559.04,Wrong Size,0,0.0
2493,2023-08-28,945.54,Not as Described,0,0.0
2504,2024-06-08,541.02,Wrong Size,0,0.0
2513,2023-02-28,79.4,Changed Mind,0,0.0
2532,2024-07-17,260.4,Defective,0,0.0
2543,2024-04-08,799.63,Wrong Size,0,0.0
2546,2023-09-23,454.96,Defective,0,0.0
2551,2024-12-04,910.91,Changed Mind,0,0.0
2552,2024-08-05,123.56,Wrong Size,0,0.0
2553,2023-07-11,512.52,Not as Described,0,0.0
2558,2024-01-02,256.21,Not as Described,0,0.0
2562,2023-11-06,1165.71,Found Cheaper,0,0.0
2578,2024-04-28,462.33,Not as Described,0,0.0
2582,2024-11-26,2076.57,Changed Mind,0,0.0
2584,2023-09-24,1925.42,Defective,0,0.0
2586,2023-11-22,298.8,Wrong Size,0,0.0
2597,2023-10-03,821.84,Changed Mind,0,0.0
2600,2023-05-26,701.02,Wrong Size,0,0.0
2611,2023-02-27,116.26,Found Cheaper,0,0.0
2623,2024-02-16,27.11,Wrong Size,0,7.99
2625,2023-11-12,289.22,Changed Mind,0,0.0
2628,2023-07-17,865.01,Not as Described,0,0.0
2636,2024-09-05,222.86,Changed Mind,0,0.0
2639,2023-03-31,2819.75,Wrong Size,0,0.0
2641,2023-10-01,260.81,Wrong Size,0,0.0
2652,2023-08-07,87.8,Changed Mind,0,0.0
2665,2024-02-23,1315.15,Changed Mind,0,0.0
2667,2024-03-12,150.36,Changed Mind,0,0.0
2668,2024-06-22,2870.45,Found Cheaper,0,0.0
2687,2024-05-17,545.14,Not as Described,0,0.0
2693,2024-12-06,595.06,Changed Mind,0,0.0
2710,2024-05-06,757.8,Defective,0,0.0
2713,2024-09-26,77.87,Defective,0,0.0
2715,2023-09-10,243.33,Wrong Size,0,0.0
2724,2023-09-14,937.17,Defective,0,0.0
2731,2023-11-22,999.7,Defective,0,0.0
2736,2024-02-07,295.82,Changed Mind,0,0.0
2740,2024-04-01,507.43,Wrong Size,0,0.0
2743,2024-10-23,783.27,Not as Described,0,0.0
2767,2024-06-18,12.93,Changed Mind,0,7.99
2770,2024-09-11,506.66,Found Cheaper,0,0.0
2773,2023-07-20,592.5,Found Cheaper,0,0.0
2797,2024-02-06,1039.67,Wrong Size,0,0.0
2800,2024-07-19,97.01,Found Cheaper,0,0.0
2802,2024-01-23,251.64,Defective,0,0.0
2804,2023-09-19,97.42,Not as Described,0,0.0
2806,2024-07-30,44.59,Changed Mind,0,0.0
2807,2024-05-21,758.96,Found Cheaper,0,0.0
2816,2023-11-21,1390.31,Changed Mind,0,0.0
2817,2023-09-05,263.72,Changed Mind,0,0.0
2818,2023-06-09,839.41,Changed Mind,0,0.0
2821,2023-08-28,434.4,Changed Mind,0,0.0
2822,2023-10-03,1158.99,Changed Mind,0,0.0
2826,2024-09-22,448.9,Changed Mind,0,0.0
2831,2024-01-05,1434.73,Defective,0,0.0
2848,2023-06-13,268.36,Changed Mind,0,0.0
2867,2024-04-12,454.51,Wrong Size,0,0.0
2879,2023-03-04,65.1,Wrong Size,0,0.0
2885,2023-03-01,1271.76,Wrong Size,0,0.0
2886,2023-05-12,183.06,Changed Mind,0,0.0
2890,2024-10-21,278.1,Wrong Size,0,0.0
2897,2024-07-26,688.13,Changed Mind,0,0.0
2901,2023-10-01,110.82,Changed Mind,0,0.0
2908,2023-07-03,538.14,Changed Mind,0,0.0
2913,2023-12-02,231.37,Wrong Size,0,0.0
2914,2023-10-27,1021.13,Defective,0,0.0
2916,2023-12-31,599.56,Defective,0,0.0
2925,2023-08-14,1890.26,Changed Mind,0,0.0
2937,2024-07-30,59.86,Wrong Size,0,0.0
2944,2023-11-17,171.2,Defective,0,0.0
2957,2024-04-13,672.15,Wrong Size,0,0.0
2963,2023-03-16,121.27,Defective,0,0.0
2964,2023-04-01,201.23,Not as Described,0,0.0
2965,2024-12-01,163.68,Changed Mind,0,0.0
2973,2024-01-17,1069.44,Found Cheaper,0,0.0
2982,2024-06-29,527.14,Found Cheaper,0,0.0
2986,2023-08-14,652.91,Changed Mind,0,0.0
2998,2024-11-18,977.19,Wrong Size,0,0.0
2999,2023-06-01,856.57,Found Cheaper,0,0.0
3002,2023-03-22,1594.98,Defective,0,0.0
3006,2024-09-14,433.74,Not as Described,0,0.0
3008,2024-11-27,757.36,Wrong Size,0,0.0
3009,2023-10-07,263.31,Wrong Size,0,0.0
3012,2024-09-15,119.13,Changed Mind,0,0.0
3013,2024-01-30,202.47,Not as Described,0,0.0
3016,2024-05-27,558.38,Wrong Size,0,0.0
3027,2024-03-13,1861.1,Changed Mind,0,0.0
3028,2024-09-03,1033.52,Wrong Size,0,0.0
3040,2023-03-05,762.13,Defective,0,0.0
3042,2024-02-23,1270.81,Changed Mind,0,0.0
3043,2023-05-18,1326.2,Wrong Size,0,0.0
3050,2023-06-20,89.91,Wrong Size,0,0.0
3054,2023-11-26,132.1,Changed Mind,0,0.0
3058,2023-10-14,357.48,Not as Described,0,0.0
3069,2024-11-13,821.35,Wrong Size,0,0.0
3081,2024-05-11,593.65,Changed Mind,0,0.0
3083,2024-04-06,28.32,Changed Mind,0,7.99
3085,2023-08-15,1470.57,Changed Mind,0,0.0
3100,2024-04-26,1251.25,Changed Mind,0,0.0
3111,2024-06-27,1604.94,Not as Described,0,0.0
3113,2024-06-07,9.23,Wrong Size,0,7.99
3116,2024-05-30,592.04,Wrong Size,0,0.0
3119,2024-06-06,702.12,Wrong Size,0,0.0
3128,2023-04-28,135.37,Wrong Size,0,0.0
3134,2023-11-27,1484.22,Defective,0,0.0
3141,2024-09-14,145.14,Wrong Size,0,0.0
3154,2023-05-02,43.09,Changed Mind,0,0.0
3158,2024-01-14,99.35,Not as Described,0,0.0
3163,2023-07-28,658.23,Changed Mind,0,0.0
3173,2024-01-01,241.7,Found Cheaper,0,0.0
3175,2024-10-13,392.94,Found Cheaper,0,0.0
3182,2023-09-14,49.47,Wrong Size,0,0.0
3188,2024-08-23,53.87,Changed Mind,0,0.0
3190,2023-10-15,2060.83,Wrong Size,0,0.0
3194,2023-12-26,315.92,Changed Mind,0,0.0
3202,2024-06-09,312.49,Found Cheaper,0,0.0
3204,2024-05-23,424.84,Wrong Size,0,0.0
3208,2023-07-13,934.56,Defective,0,0.0
3215,2023-12-31,256.44,Wrong Size,0,0.0
3219,2024-07-08,50.8,Wrong Size,0,0.0
3227,2024-08-01,307.59,Changed Mind,0,0.0
3240,2024-09-13,667.98,Changed Mind,0,0.0
3252,2023-04-04,139.51,Not as Described,0,0.0
3254,2023-07-30,326.03,Defective,0,0.0
3260,2023-03-03,403.21,Defective,0,0.0
3262,2024-05-10,94.22,Changed Mind,0,0.0
3270,2023-07-27,176.7,Not as Described,0,0.0
3275,2024-11-09,1620.64,Defective,0,0.0
3286,2024-12-03,51.69,Not as Described,0,0.0
3291,2024-10-18,457.82,Changed Mind,0,0.0
3292,2024-11-23,48.9,Changed Mind,0,0.0
3296,2023-05-09,591.8,Wrong Size,0,0.0
3299,2023-05-06,290.83,Changed Mind,0,0.0
3304,2024-04-30,104.64,Not as Described,0,0.0
3305,2024-07-15,909.3,Changed Mind,0,0.0
3308,2024-04-22,553.89,Changed Mind,0,0.0
3309,2023-11-21,374.07,Wrong Size,0,0.0
3313,2023-04-24,841.94,Defective,0,0.0
3317,2023-09-09,349.99,Changed Mind,0,0.0
3349,2024-02-08,55.1,Wrong Size,0,0.0
3352,2024-07-11,426.05,Changed Mind,0,0.0
3361,2023-04-19,334.06,Changed Mind,0,0.0
3383,2024-08-04,78.91,Not as Described,0,0.0
3388,2023-03-09,294.59,Defective,0,0.0
3394,2024-10-01,62.66,Changed Mind,0,0.0
3401,2024-06-04,799.43,Defective,0,0.0
3404,2023-11-26,114.47,Changed Mind,0,0.0
3407,2023-06-10,858.96,Wrong Size,0,0.0
3418,2023-02-21,434.39,Changed Mind,0,0.0
3426,2024-10-21,99.0,Wrong Size,0,0.0
3431,2023-04-23,51.01,Wrong Size,0,0.0
3435,2024-06-29,674.85,Wrong Size,0,0.0
3443,2024-11-14,699.43,Changed Mind,0,0.0
3446,2024-06-19,277.22,Defective,0,0.0
3450,2023-10-13,196.66,Changed Mind,0,0.0
3452,2024-09-11,183.35,Wrong Size,0,0.0
3463,2024-03-25,653.48,Not as Described,0,0.0
3474,2023-11-18,389.76,Not as Described,0,0.0
3478,2024-08-24,62.23,Defective,0,0.0
3479,2024-11-04,109.03,Changed Mind,0,0.0
3481,2023-03-30,872.85,Found Cheaper,0,0.0
3501,2024-07-19,417.11,Wrong Size,0,0.0
3505,2024-01-04,1400.84,Changed Mind,0,0.0
3508,2023-10-08,61.35,Defective,0,0.0
3514,2023-09-10,754.69,Wrong Size,0,0.0
3516,2024-02-03,1494.0,Defective,0,0.0
3522,2024-02-24,769.7,Not as Described,0,0.0
3540,2023-08-03,679.63,Defective,0,0.0
3542,2023-06-18,320.6,Found Cheaper,0,0.0
3550,2023-11-23,844.6,Changed Mind,0,0.0
3568,2024-02-07,344.02,Found Cheaper,0,0.0
3569,2023-10-14,942.99,Changed Mind,0,0.0
3570,2023-05-23,1427.39,Changed Mind,0,0.0
3581,2023-10-15,739.39,Changed Mind,0,0.0
3592,2023-03-29,2040.5,Wrong Size,0,0.0
3601,2023-04-05,1561.83,Changed Mind,0,0.0
3604,2023-07-10,664.01,Changed Mind,0,0.0
3618,2023-01-23,223.59,Changed Mind,0,0.0
3635,2024-01-03,2105.72,Changed Mind,0,0.0
3638,2024-06-10,488.4,Defective,0,0.0
3642,2023-09-12,421.36,Defective,0,0.0
3643,2024-01-16,392.31,Found Cheaper,0,0.0
3652,2024-01-03,139.71,Changed Mind,0,0.0
3663,2024-06-26,570.68,Changed Mind,0,0.0
3667,2023-11-14,500.91,Defective,0,0.0
3671,2024-08-26,564.06,Not as Described,0,0.0
3704,2024-01-22,362.14,Found Cheaper,0,0.0
3705,2023-07-04,346.1,Defective,0,0.0
3708,2024-04-30,679.84,Defective,0,0.0
3717,2023-11-10,969.73,Wrong Size,0,0.0
3722,2024-09-24,328.57,Changed Mind,0,0.0
3750,2023-08-02,1921.06,Changed Mind,0,0.0
3759,2024-05-10,141.73,Changed Mind,0,0.0
3772,2024-07-20,383.07,Wrong Size,0,0.0
3780,2024-04-23,159.88,Changed Mind,0,0.0
3810,2024-03-09,819.72,Found Cheaper,0,0.0
3811,2023-06-11,459.93,Changed Mind,0,0.0
3827,2023-11-09,111.45,Wrong Size,0,0.0
3828,2023-02-07,437.88,Found Cheaper,0,0.0
3844,2024-06-26,598.49,Not as Described,0,0.0
3847,2024-05-12,765.83,Changed Mind,0,0.0
3849,2024-11-19,170.26,Changed Mind,0,0.0
3856,2024-02-26,1228.1,Found Cheaper,0,0.0
3873,2024-10-04,285.03,Changed Mind,0,0.0
3875,2024-09-24,946.69,Defective,0,0.0
3881,2023-05-06,832.75,Wrong Size,0,0.0
3887,2023-05-06,1213.14,Changed Mind,0,0.0
3901,2024-11-21,405.79,Wrong Size,0,0.0
3909,2024-07-11,870.44,Found Cheaper,0,0.0
3912,2024-08-15,460.36,Not as Described,0,0.0
3919,2023-11-30,40.61,Found Cheaper,0,7.99
3920,2023-03-27,505.56,Found Cheaper,0,0.0
3931,2023-06-24,189.82,Wrong Size,0,0.0
3936,2024-09-04,1659.47,Changed Mind,0,0.0
3959,2024-12-04,203.95,Not as Described,0,0.0
3962,2024-05-25,175.54,Changed Mind,0,0.0
3964,2024-04-12,1844.78,Wrong Size,0,0.0
3979,2024-06-17,743.07,Found Cheaper,0,0.0
3981,2023-08-17,144.78,Changed Mind,0,0.0
3982,2023-03-20,106.46,Wrong Size,0,0.0
3987,2024-01-29,321.75,Found Cheaper,0,0.0
3989,2023-02-03,266.93,Defective,0,0.0
3993,2024-05-10,545.41,Not as Described,0,0.0
3995,2023-10-21,298.19,Wrong Size,0,0.0
3997,2023-10-21,2223.81,Changed Mind,0,0.0
3998,2023-10-12,423.0,Found Cheaper,0,0.0
4002,2023-10-08,1309.86,Changed Mind,0,0.0
4005,2023-11-21,155.17,Wrong Size,0,0.0
4007,2024-09-13,192.15,Wrong Size,0,0.0
4008,2023-04-25,126.87,Changed Mind,0,0.0
4017,2023-06-22,260.61,Wrong Size,0,0.0
4027,2023-09-29,185.7,Found Cheaper,0,0.0
4030,2024-10-05,484.1,Wrong Size,0,0.0
4036,2023-06-06,119.21,Wrong Size,0,0.0
4037,2023-05-05,400.03,Defective,0,0.0
4047,2023-04-01,1565.02,Wrong Size,0,0.0
4048,2023-05-09,189.47,Wrong Size,0,0.0
4051,2023-01-08,511.12,Changed Mind,0,0.0
4054,2024-04-01,298.9,Not as Described,0,0.0
4056,2024-09-11,834.47,Changed Mind,0,0.0
4061,2024-03-30,461.87,Wrong Size,0,0.0
4087,2023-03-23,668.75,Changed Mind,0,0.0
4095,2023-03-16,412.43,Not as Described,0,0.0
4108,2024-10-25,757.94,Wrong Size,0,0.0
4118,2024-10-01,479.08,Changed Mind,0,0.0
4135,2024-11-30,429.7,Found Cheaper,0,0.0
4139,2024-02-13,468.76,Changed Mind,0,0.0
4143,2024-11-19,212.89,Defective,0,0.0
4146,2023-06-29,217.61,Changed Mind,0,0.0
4166,2023-03-06,1282.8,Found Cheaper,0,0.0
4172,2023-08-27,169.08,Wrong Size,0,0.0
4175,2023-10-13,113.45,Found Cheaper,0,0.0
4181,2024-12-11,339.39,Changed Mind,0,0.0
4184,2023-05-04,249.43,Changed Mind,0,0.0
4190,2023-05-13,1016.71,Wrong Size,0,0.0
4198,2024-10-31,253.35,Found Cheaper,0,0.0
4199,2023-05-25,1366.09,Found Cheaper,0,0.0
4202,2023-04-30,305.55,Found Cheaper,0,0.0
4208,2024-09-18,306.93,Wrong Size,0,0.0
4209,2024-04-02,661.21,Wrong Size,0,0.0
4223,2024-05-06,82.58,Wrong Size,0,0.0
4224,2024-04-14,617.12,Wrong Size,0,0.0
4228,2023-05-15,85.39,Defective,0,0.0
4237,2023-02-16,337.12,Changed Mind,0,0.0
4238,2024-03-10,523.63,Wrong Size,0,0.0
4241,2024-09-09,973.13,Changed Mind,0,0.0
4245,2024-10-29,235.46,Changed Mind,0,0.0
4246,2024-01-10,447.49,Changed Mind,0,0.0
4248,2024-11-03,1578.46,Defective,0,0.0
4250,2024-11-12,159.06,Wrong Size,0,0.0
4252,2023-09-15,890.82,Wrong Size,0,0.0
4256,2023-06-16,312.9,Wrong Size,0,0.0
4258,2023-02-28,246.11,Changed Mind,0,0.0
4263,2024-10-17,391.79,Found Cheaper,0,0.0
4264,2024-07-14,1091.8,Not as Described,0,0.0
4266,2024-02-26,666.63,Not as Described,0,0.0
4273,2024-12-03,122.91,Wrong Size,0,0.0
4274,2024-03-05,1415.93,Wrong Size,0,0.0
4283,2024-04-13,2129.78,Defective,0,0.0
4285,2023-09-09,139.87,Changed Mind,0,0.0
4288,2024-04-29,1501.13,Not as Described,0,0.0
4290,2023-12-31,70.95,Found Cheaper,0,0.0
4302,2024-06-03,242.78,Changed Mind,0,0.0
4321,2024-01-20,237.55,Changed Mind,0,0.0
4330,2024-06-22,243.63,Wrong Size,0,0.0
4345,2023-08-10,312.9,Changed Mind,0,0.0
4351,2023-08-19,358.24,Defective,0,0.0
4360,2023-03-15,1359.47,Not as Described,0,0.0
4362,2024-11-14,197.78,Defective,0,0.0
4366,2024-07-24,503.96,Wrong Size,0,0.0
4368,2023-12-10,1475.39,Changed Mind,0,0.0
4372,2023-02-20,831.41,Changed Mind,0,0.0
4388,2023-12-05,321.13,Changed Mind,0,0.0
4393,2023-10-06,1187.03,Changed Mind,0,0.0
4406,2023-02-17,226.11,Wrong Size,0,0.0
4411,2024-05-31,928.52,Defective,0,0.0
4420,2024-10-27,170.65,Wrong Size,0,0.0
4421,2024-09-20,927.74,Defective,0,0.0
4435,2024-05-29,896.69,Not as Described,0,0.0
4437,2024-05-25,314.91,Wrong Size,0,0.0
4441,2023-09-10,308.62,Defective,0,0.0
4442,2023-10-05,775.43,Defective,0,0.0
4458,2024-04-17,28.87,Found Cheaper,0,7.99
4459,2024-05-08,437.22,Defective,0,0.0
4460,2023-10-10,84.84,Wrong Size,0,0.0
4468,2024-01-20,612.07,Defective,0,0.0
4477,2023-11-15,160.05,Wrong Size,0,0.0
4491,2024-11-14,214.84,Wrong Size,0,0.0
4495,2024-09-26,162.7,Defective,0,0.0
4500,2023-11-11,792.68,Changed Mind,0,0.0
4502,2024-09-15,139.06,Changed Mind,0,0.0
4503,2023-07-25,723.24,Defective,0,0.0
4513,2024-05-31,396.32,Wrong Size,0,0.0
4520,2024-10-28,960.88,Defective,0,0.0
4527,2024-07-31,289.16,Wrong Size,0,0.0
4531,2024-04-05,968.6,Changed Mind,0,0.0
4534,2023-10-21,187.5,Changed Mind,0,0.0
4544,2024-02-06,1197.05,Defective,0,0.0
4547,2023-09-03,84.0,Changed Mind,0,0.0
4550,2023-09-02,791.13,Wrong Size,0,0.0
4558,2023-09-17,169.98,Changed Mind,0,0.0
4561,2023-11-27,107.56,Defective,0,0.0
4568,2024-10-28,201.04,Defective,0,0.0
4574,2023-07-08,122.16,Changed Mind,0,0.0
4579,2023-09-25,736.18,Changed Mind,0,0.0
4587,2023-10-25,36.36,Wrong Size,0,7.99
4591,2023-08-08,921.57,Changed Mind,0,0.0
4593,2023-08-25,1468.62,Wrong Size,0,0.0
4594,2023-09-19,729.3,Wrong Size,0,0.0
4599,2023-11-12,334.88,Changed Mind,0,0.0
4601,2023-11-13,192.99,Found Cheaper,0,0.0
4605,2023-05-14,57.83,Wrong Size,0,0.0
4613,2023-02-17,1216.76,Found Cheaper,0,0.0
4620,2024-10-15,161.87,Found Cheaper,0,0.0
4622,2024-05-27,127.3,Found Cheaper,0,0.0
4627,2023-03-06,260.92,Changed Mind,0,0.0
4632,2024-01-07,518.31,Defective,0,0.0
4635,2023-03-14,867.96,Wrong Size,0,0.0
4640,2024-12-13,696.98,Defective,0,0.0
4645,2024-06-21,545.24,Changed Mind,0,0.0
4646,2024-08-05,50.97,Changed Mind,0,0.0
4650,2024-09-21,1546.94,Wrong Size,0,0.0
4659,2023-04-30,361.05,Changed Mind,0,0.0
4672,2023-10-08,181.68,Not as Described,0,0.0
4673,2023-12-10,493.16,Wrong Size,0,0.0
4682,2023-10-18,248.28,Changed Mind,0,0.0
4684,2024-04-13,1431.28,Wrong Size,0,0.0
4685,2023-05-12,350.3,Found Cheaper,0,0.0
4689,2024-10-18,597.33,Changed Mind,0,0.0
4698,2023-10-03,849.06,Wrong Size,0,0.0
4706,2024-07-30,740.79,Wrong Size,0,0.0
4715,2024-01-18,441.84,Defective,0,0.0
4718,2024-01-16,533.17,Changed Mind,0,0.0
4723,2023-01-29,403.14,Found Cheaper,0,0.0
4725,2024-05-15,501.88,Not as Described,0,0.0
4731,2023-01-15,27.25,Changed Mind,0,7.99
4734,2024-06-14,142.71,Not as Described,0,0.0
4738,2024-02-07,436.0,Changed Mind,0,0.0
4744,2023-04-12,181.91,Wrong Size,0,0.0
4751,2024-08-02,650.46,Not as Described,0,0.0
4755,2024-12-03,1021.0,Changed Mind,0,0.0
4787,2023-11-15,467.61,Wrong Size,0,0.0
4792,2023-03-20,130.38,Changed Mind,0,0.0
4795,2023-08-24,648.68,Defective,0,0.0
4813,2023-03-21,437.18,Changed Mind,0,0.0
4823,2023-03-06,524.67,Not as Described,0,0.0
4826,2024-11-15,421.93,Defective,0,0.0
4839,2024-02-13,98.74,Wrong Size,0,0.0
4843,2024-06-01,728.7,Changed Mind,0,0.0
4848,2024-03-04,731.76,Changed Mind,0,0.0
4854,2023-04-08,47.24,Changed Mind,0,0.0
4873,2023-02-06,223.08,Wrong Size,0,0.0
4874,2023-09-12,448.83,Defective,0,0.0
4891,2023-12-15,836.89,Defective,0,0.0
4896,2023-03-24,216.88,Changed Mind,0,0.0
4907,2023-03-21,803.75,Not as Described,0,0.0
4913,2023-10-27,348.78,Changed Mind,0,0.0
4920,2023-11-22,97.04,Defective,0,0.0
4932,2023-09-20,235.11,Defective,0,0.0
4937,2024-02-06,199.13,Wrong Size,0,0.0
4940,2024-12-08,830.82,Changed Mind,0,0.0
4943,2024-08-14,232.83,Wrong Size,0,0.0
4947,2023-06-20,431.03,Wrong Size,0,0.0
4968,2024-09-09,341.71,Changed Mind,0,0.0
4973,2023-10-21,81.28,Changed Mind,0,0.0
4975,2024-04-27,179.31,Wrong Size,0,0.0
4977,2024-02-20,1514.89,Changed Mind,0,0.0
4982,2023-05-30,217.04,Changed Mind,0,0.0
5001,2023-07-06,349.01,Found Cheaper,0,0.0
5015,2023-05-29,1863.95,Not as Described,0,0.0
5031,2024-05-04,1145.83,Defective,0,0.0
5036,2024-09-03,164.25,Wrong Size,0,0.0
5043,2024-01-31,227.58,Wrong Size,0,0.0
5048,2024-01-02,300.6,Wrong Size,0,0.0
5054,2024-07-22,1120.07,Found Cheaper,0,0.0
5055,2024-06-22,431.25,Changed Mind,0,0.0
5070,2023-03-22,743.95,Changed Mind,0,0.0
5076,2024-05-18,6.08,Found Cheaper,0,7.99
5077,2024-04-18,243.08,Not as Described,0,0.0
5078,2024-04-17,225.56,Wrong Size,0,0.0
5080,2024-02-09,25.12,Changed Mind,0,7.99
5092,2024-11-14,106.07,Changed Mind,0,0.0
5093,2024-04-03,61.68,Defective,0,0.0
5105,2023-11-19,364.3,Changed Mind,0,0.0
5143,2024-04-05,154.85,Wrong Size,0,0.0
5145,2024-11-19,1272.97,Wrong Size,0,0.0
5147,2023-10-22,316.92,Defective,0,0.0
5155,2024-11-04,360.76,Changed Mind,0,0.0
5165,2024-09-19,1049.61,Changed Mind,0,0.0
5168,2024-04-08,120.94,Changed Mind,0,0.0
5203,2024-01-06,440.35,Found Cheaper,0,0.0
5207,2023-06-16,1935.91,Not as Described,0,0.0
5215,2023-11-05,560.55,Changed Mind,0,0.0
5217,2024-06-16,138.0,Changed Mind,0,0.0
5222,2024-12-02,667.26,Wrong Size,0,0.0
5231,2023-12-18,54.45,Changed Mind,0,0.0
5236,2024-08-04,931.26,Found Cheaper,0,0.0
5240,2023-08-21,246.48,Found Cheaper,0,0.0
5244,2024-09-18,806.69,Not as Described,0,0.0
5250,2023-09-25,307.71,Defective,0,0.0
5253,2024-07-24,1065.16,Defective,0,0.0
5260,2023-06-16,289.62,Changed Mind,0,0.0
5264,2023-01-14,877.24,Found Cheaper,0,0.0
5269,2024-04-18,134.46,Wrong Size,0,0.0
5270,2023-03-13,478.65,Found Cheaper,0,0.0
5275,2024-11-03,82.6,Wrong Size,0,0.0
5281,2024-02-17,1837.7,Changed Mind,0,0.0
5318,2023-12-03,173.83,Wrong Size,0,0.0
5324,2023-03-24,155.67,Changed Mind,0,0.0
5327,2024-06-30,845.61,Not as Described,0,0.0
5334,2023-03-03,261.07,Defective,0,0.0
5347,2024-07-07,321.1,Changed Mind,0,0.0
5357,2023-01-27,722.94,Wrong Size,0,0.0
5358,2024-06-16,293.61,Changed Mind,0,0.0
5368,2023-09-22,327.75,Wrong Size,0,0.0
5374,2024-06-12,660.35,Changed Mind,0,0.0
5376,2023-08-14,956.65,Changed Mind,0,0.0
5382,2023-03-02,841.46,Changed Mind,0,0.0
5393,2024-10-29,700.85,Changed Mind,0,0.0
5396,2024-05-02,129.56,Changed Mind,0,0.0
5397,2024-02-06,90.56,Changed Mind,0,0.0
5398,2023-04-27,278.82,Changed Mind,0,0.0
5401,2024-03-30,356.5,Changed Mind,0,0.0
5405,2023-07-16,135.45,Changed Mind,0,0.0
5407,2023-02-01,103.66,Changed Mind,0,0.0
5423,2024-07-18,575.07,Defective,0,0.0
5425,2023-06-13,395.28,Not as Described,0,0.0
5432,2023-03-18,286.61,Wrong Size,0,0.0
5445,2024-11-25,513.01,Wrong Size,0,0.0
5448,2024-07-22,1464.36,Wrong Size,0,0.0
5453,2024-10-16,288.77,Changed Mind,0,0.0
5469,2023-03-22,524.04,Wrong Size,0,0.0
5471,2024-05-01,65.85,Wrong Size,0,0.0
5478,2024-12-07,100.8,Defective,0,0.0
5479,2023-08-31,1542.57,Found Cheaper,0,0.0
5482,2024-12-06,1323.08,Wrong Size,0,0.0
5492,2024-02-20,218.59,Wrong Size,0,0.0
5499,2023-10-04,979.57,Not as Described,0,0.0
5502,2024-10-21,619.11,Wrong Size,0,0.0
5516,2024-09-10,968.05,Wrong Size,0,0.0
5527,2024-10-23,720.58,Found Cheaper,0,0.0
5531,2024-06-10,1986.99,Found Cheaper,0,0.0
5532,2024-04-30,492.25,Changed Mind,0,0.0
5546,2024-06-18,388.83,Changed Mind,0,0.0
5547,2023-08-28,568.37,Changed Mind,0,0.0
5558,2023-11-14,111.48,Wrong Size,0,0.0
5565,2024-08-06,1483.21,Changed Mind,0,0.0
5568,2023-02-17,1158.33,Changed Mind,0,0.0
5574,2024-06-27,435.18,Changed Mind,0,0.0
5581,2023-05-10,172.73,Defective,0,0.0
5598,2024-09-20,1002.82,Wrong Size,0,0.0
5612,2023-04-03,154.97,Wrong Size,0,0.0
5614,2023-04-07,65.62,Changed Mind,0,0.0
5615,2024-11-10,2250.79,Changed Mind,0,0.0
5642,2024-10-30,140.2,Wrong Size,0,0.0
5660,2024-03-11,418.79,Changed Mind,0,0.0
5664,2023-09-27,194.89,Wrong Size,0,0.0
5665,2023-05-30,1463.93,Found Cheaper,0,0.0
5668,2024-06-07,563.95,Not as Described,0,0.0
5692,2023-06-05,154.71,Found Cheaper,0,0.0
5693,2023-06-07,1262.61,Changed Mind,0,0.0
5697,2024-11-03,762.7,Changed Mind,0,0.0
5700,2023-02-19,1446.02,Wrong Size,0,0.0
5708,2023-03-08,918.17,Changed Mind,0,0.0
5722,2024-09-05,234.39,Changed Mind,0,0.0
5736,2024-10-12,342.01,Wrong Size,0,0.0
5738,2023-02-02,756.43,Found Cheaper,0,0.0
5739,2024-08-02,364.75,Defective,0,0.0
5752,2024-07-31,2461.13,Defective,0,0.0
5756,2024-06-12,623.26,Found Cheaper,0,0.0
5761,2023-05-06,408.14,Wrong Size,0,0.0
5766,2024-02-01,333.14,Not as Described,0,0.0
5772,2023-10-03,386.69,Wrong Size,0,0.0
5785,2023-09-30,288.17,Changed Mind,0,0.0
5793,2024-07-04,395.3,Changed Mind,0,0.0
5794,2023-06-11,437.37,Not as Described,0,0.0
5798,2023-12-18,62.91,Found Cheaper,0,0.0
5799,2024-11-07,51.91,Changed Mind,0,0.0
5803,2023-06-21,136.52,Not as Described,0,0.0
5808,2023-11-24,459.75,Not as Described,0,0.0
5837,2023-10-13,52.69,Changed Mind,0,0.0
5847,2023-12-03,387.8,Changed Mind,0,0.0
5849,2023-11-07,250.57,Defective,0,0.0
5853,2023-12-07,125.28,Wrong Size,0,0.0
5857,2024-07-27,950.96,Changed Mind,0,0.0
5872,2024-07-24,613.63,Changed Mind,0,0.0
5900,2024-11-18,274.33,Not as Described,0,0.0
5902,2024-09-21,646.72,Wrong Size,0,0.0
5912,2024-05-28,53.75,Changed Mind,0,0.0
5914,2023-07-21,1900.92,Changed Mind,0,0.0
5916,2023-06-26,178.46,Wrong Size,0,0.0
5920,2024-12-21,507.09,Wrong Size,0,0.0
5925,2024-09-22,1042.01,Changed Mind,0,0.0
5929,2024-04-12,978.1,Changed Mind,0,0.0
5932,2023-05-18,90.16,Wrong Size,0,0.0
5933,2023-10-13,633.92,Wrong Size,0,0.0
5943,2024-09-22,768.81,Changed Mind,0,0.0
5957,2024-03-18,998.3,Found Cheaper,0,0.0
5963,2023-06-18,553.44,Defective,0,0.0
5974,2024-09-16,966.99,Changed Mind,0,0.0
5978,2023-02-04,106.07,Wrong Size,0,0.0
5980,2024-12-20,1136.16,Found Cheaper,0,0.0
5982,2023-06-12,859.54,Wrong Size,0,0.0
5984,2024-11-18,709.83,Defective,0,0.0
6004,2024-11-24,535.25,Wrong Size,0,0.0
6012,2023-02-03,645.97,Found Cheaper,0,0.0
6014,2024-01-30,805.43,Found Cheaper,0,0.0
6015,2024-03-17,208.41,Changed Mind,0,0.0
6026,2024-02-03,672.53,Changed Mind,0,0.0
6043,2023-11-18,206.83,Wrong Size,0,0.0
6071,2023-12-09,334.13,Changed Mind,0,0.0
6072,2024-04-20,284.04,Wrong Size,0,0.0
6081,2024-10-31,404.29,Found Cheaper,0,0.0
6082,2024-02-25,978.24,Found Cheaper,0,0.0
6087,2023-06-13,59.97,Changed Mind,0,0.0
6092,2023-12-25,413.62,Changed Mind,0,0.0
6099,2023-04-03,813.54,Changed Mind,0,0.0
6101,2023-03-02,340.14,Wrong Size,0,0.0
6109,2024-01-15,394.18,Defective,0,0.0
6110,2024-10-05,995.89,Found Cheaper,0,0.0
6115,2023-04-17,623.99,Wrong Size,0,0.0
6120,2024-04-12,123.4,Changed Mind,0,0.0
6130,2024-11-08,1300.43,Changed Mind,0,0.0
6142,2024-01-05,239.22,Changed Mind,0,0.0
6145,2024-09-17,251.76,Wrong Size,0,0.0
6146,2023-09-15,1049.27,Defective,0,0.0
6150,2024-07-26,960.91,Wrong Size,0,0.0
6157,2023-08-20,222.38,Defective,0,0.0
6161,2023-08-06,1270.8,Found Cheaper,0,0.0
6187,2024-06-03,1051.71,Found Cheaper,0,0.0
6199,2023-06-05,535.55,Changed Mind,0,0.0
6202,2023-08-30,297.86,Defective,0,0.0
6203,2024-09-09,105.76,Found Cheaper,0,0.0
6204,2024-10-23,463.53,Defective,0,0.0
6210,2023-10-23,1220.62,Found Cheaper,0,0.0
6213,2024-02-07,132.26,Changed Mind,0,0.0
6223,2023-05-04,538.56,Changed Mind,0,0.0
6226,2023-05-26,48.62,Not as Described,0,0.0
6228,2023-07-02,131.56,Wrong Size,0,0.0
6236,2023-05-18,157.92,Changed Mind,0,0.0
6242,2024-06-13,137.35,Changed Mind,0,0.0
6244,2024-11-06,691.52,Wrong Size,0,0.0
6248,2023-08-29,211.76,Not as Described,0,0.0
6254,2023-01-28,508.16,Changed Mind,0,0.0
6257,2023-02-19,65.08,Defective,0,0.0
6261,2023-05-03,1592.7,Found Cheaper,0,0.0
6269,2024-07-26,27.37,Not as Described,0,7.99
6270,2024-08-28,519.58,Defective,0,0.0
6283,2023-09-12,480.73,Changed Mind,0,0.0
6295,2023-07-03,282.52,Wrong Size,0,0.0
6296,2024-10-08,381.83,Wrong Size,0,0.0
6297,2024-02-10,111.51,Defective,0,0.0
6309,2024-11-30,306.75,Changed Mind,0,0.0
6311,2023-08-11,464.48,Wrong Size,0,0.0
6315,2023-04-30,1142.96,Found Cheaper,0,0.0
6325,2024-01-21,508.98,Not as Described,0,0.0
6341,2024-03-26,263.46,Defective,0,0.0
6344,2024-12-15,1524.52,Changed Mind,0,0.0
6354,2023-10-31,45.91,Defective,0,0.0
6358,2024-11-30,133.33,Defective,0,0.0
6366,2023-07-21,1292.29,Defective,0,0.0
6371,2024-01-21,383.09,Changed Mind,0,0.0
6376,2023-04-07,684.38,Changed Mind,0,0.0
6377,2024-08-17,179.85,Wrong Size,0,0.0
6382,2024-04-08,831.72,Wrong Size,0,0.0
6384,2023-12-29,1057.99,Changed Mind,0,0.0
6393,2023-04-17,237.7,Found Cheaper,0,0.0
6399,2023-03-04,247.82,Defective,0,0.0
6406,2023-05-08,1453.05,Found Cheaper,0,0.0
6412,2024-09-16,52.63,Defective,0,0.0
6413,2024-12-06,2034.77,Changed Mind,0,0.0
6432,2023-07-08,512.28,Changed Mind,0,0.0
6433,2023-05-07,825.89,Not as Described,0,0.0
6438,2023-08-23,717.41,Wrong Size,0,0.0
6439,2024-07-04,434.2,Defective,0,0.0
6444,2023-08-25,143.98,Wrong Size,0,0.0
6446,2023-09-14,1846.31,Changed Mind,0,0.0
6448,2023-11-18,621.83,Changed Mind,0,0.0
6459,2023-04-23,47.48,Changed Mind,0,0.0
6461,2024-07-03,246.9,Changed Mind,0,0.0
6469,2024-12-16,38.46,Changed Mind,0,0.0
6475,2023-07-29,129.78,Changed Mind,0,0.0
6481,2023-08-09,70.18,Wrong Size,0,0.0
6495,2023-01-12,215.8,Wrong Size,0,0.0
6509,2024-11-10,250.53,Changed Mind,0,0.0
6516,2024-06-14,175.81,Changed Mind,0,0.0
6519,2023-06-20,1285.31,Wrong Size,0,0.0
6530,2024-10-12,604.81,Found Cheaper,0,0.0
6535,2024-02-11,508.32,Not as Described,0,0.0
6545,2024-07-05,344.69,Changed Mind,0,0.0
6553,2023-06-04,339.76,Defective,0,0.0
6561,2024-12-13,470.28,Changed Mind,0,0.0
6569,2024-03-17,161.79,Changed Mind,0,0.0
6573,2023-02-10,113.13,Changed Mind,0,0.0
6579,2023-10-19,29.7,Wrong Size,0,7.99
6595,2024-10-16,345.34,Wrong Size,0,0.0
6597,2024-07-26,45.94,Defective,0,0.0
6603,2024-01-05,232.4,Changed Mind,0,0.0
6606,2023-04-13,1043.79,Changed Mind,0,0.0
6613,2024-02-11,417.91,Wrong Size,0,0.0
6621,2024-11-28,1553.3,Defective,0,0.0
6628,2024-07-02,214.07,Wrong Size,0,0.0
6632,2024-05-06,2987.82,Defective,0,0.0
6636,2024-01-17,411.63,Changed Mind,0,0.0
6644,2023-08-31,372.06,Wrong Size,0,0.0
6655,2024-04-16,314.42,Found Cheaper,0,0.0
6666,2023-02-15,68.12,Not as Described,0,0.0
6667,2024-10-30,71.74,Changed Mind,0,0.0
6672,2023-08-27,555.31,Found Cheaper,0,0.0
6674,2023-03-21,188.32,Wrong Size,0,0.0
6678,2024-01-06,49.1,Found Cheaper,0,0.0
6686,2023-12-31,153.81,Found Cheaper,0,0.0
6688,2023-02-07,395.04,Wrong Size,0,0.0
6700,2023-03-18,799.83,Found Cheaper,0,0.0
6710,2024-05-29,80.19,Found Cheaper,0,0.0
6717,2024-01-17,1319.81,Found Cheaper,0,0.0
6719,2024-02-10,222.97,Wrong Size,0,0.0
6733,2024-09-15,288.15,Changed Mind,0,0.0
6739,2023-12-04,185.62,Wrong Size,0,0.0
6752,2024-04-09,668.67,Changed Mind,0,0.0
6755,2023-08-11,1132.73,Changed Mind,0,0.0
6759,2024-06-12,1067.81,Changed Mind,0,0.0
6761,2024-08-13,1108.96,Wrong Size,0,0.0
6782,2024-08-27,306.73,Changed Mind,0,0.0
6789,2023-07-16,151.34,Changed Mind,0,0.0
6790,2024-04-12,108.16,Changed Mind,0,0.0
6799,2023-02-05,1566.29,Changed Mind,0,0.0
6801,2023-09-27,13.45,Found Cheaper,0,7.99
6802,2024-09-27,393.28,Defective,0,0.0
6807,2023-09-10,145.16,Changed Mind,0,0.0
6813,2023-04-13,782.03,Defective,0,0.0
6816,2024-05-20,706.05,Found Cheaper,0,0.0
6819,2023-08-08,77.82,Not as Described,0,0.0
6822,2024-12-17,180.71,Defective,0,0.0
6825,2023-08-26,402.73,Defective,0,0.0
6829,2024-09-28,319.28,Defective,0,0.0
6831,2024-11-12,281.89,Not as Described,0,0.0
6833,2023-05-10,1005.13,Not as Described,0,0.0
6834,2023-01-13,640.4,Wrong Size,0,0.0
6839,2023-03-18,942.39,Wrong Size,0,0.0
6846,2024-11-02,127.79,Found Cheaper,0,0.0
6856,2024-11-06,445.74,Wrong Size,0,0.0
6863,2023-11-14,580.15,Defective,0,0.0
6877,2023-08-26,193.22,Defective,0,0.0
6881,2024-12-04,483.2,Wrong Size,0,0.0
6884,2023-08-02,154.12,Not as Described,0,0.0
6898,2024-11-17,233.53,Wrong Size,0,0.0
6905,2024-10-20,543.46,Changed Mind,0,0.0
6910,2024-10-17,96.34,Changed Mind,0,0.0
6917,2023-03-19,22.78,Changed Mind,0,7.99
6923,2023-08-06,294.79,Defective,0,0.0
6927,2023-07-27,821.7,Changed Mind,0,0.0
6929,2024-06-14,595.14,Found Cheaper,0,0.0
6932,2024-04-17,1310.36,Found Cheaper,0,0.0
6941,2023-12-20,230.28,Wrong Size,0,0.0
6945,2023-06-09,168.36,Found Cheaper,0,0.0
6947,2024-02-11,34.88,Defective,0,0.0
6976,2024-03-10,93.74,Not as Described,0,0.0
6981,2023-12-26,506.58,Changed Mind,0,0.0
6986,2024-04-01,508.32,Changed Mind,0,0.0
6988,2023-05-08,76.28,Not as Described,0,0.0
6991,2024-04-12,415.83,Changed Mind,0,0.0
6995,2024-10-11,130.63,Wrong Size,0,0.0
7007,2023-09-20,306.03,Wrong Size,0,0.0
7009,2023-11-01,58.52,Wrong Size,0,0.0
7019,2024-07-12,115.92,Changed Mind,0,0.0
7042,2023-10-25,394.04,Defective,0,0.0
7053,2024-07-12,204.38,Defective,0,0.0
7061,2024-11-03,193.53,Not as Described,0,0.0
7063,2024-05-14,379.97,Wrong Size,0,0.0
7064,2023-12-10,118.57,Defective,0,0.0
7067,2024-06-25,710.9,Found Cheaper,0,0.0
7069,2023-07-25,296.35,Changed Mind,0,0.0
7073,2023-08-30,492.92,Wrong Size,0,0.0
7079,2023-06-24,133.23,Found Cheaper,0,0.0
7083,2024-11-13,121.79,Changed Mind,0,0.0
7086,2024-07-02,179.07,Changed Mind,0,0.0
7089,2023-08-03,64.22,Wrong Size,0,0.0
7093,2023-10-02,238.88,Changed Mind,0,0.0
7110,2023-03-07,1563.13,Changed Mind,0,0.0
7117,2023-09-16,104.01,Changed Mind,0,0.0
7119,2024-09-24,89.46,Wrong Size,0,0.0
7120,2023-02-13,1850.12,Changed Mind,0,0.0
7128,2023-09-16,643.39,Changed Mind,0,0.0
7141,2023-10-04,352.14,Found Cheaper,0,0.0
7145,2023-03-25,378.95,Not as Described,0,0.0
7152,2023-08-09,99.26,Changed Mind,0,0.0
7153,2024-06-06,163.81,Found Cheaper,0,0.0
7161,2023-01-30,479.15,Changed Mind,0,0.0
7162,2023-10-11,564.3,Not as Described,0,0.0
7167,2024-12-02,146.23,Changed Mind,0,0.0
7169,2023-09-17,1447.77,Changed Mind,0,0.0
7175,2023-02-16,1094.08,Wrong Size,0,0.0
7201,2023-09-26,294.74,Changed Mind,0,0.0
7208,2024-04-10,943.68,Found Cheaper,0,0.0
7212,2023-05-13,378.37,Changed Mind,0,0.0
7213,2024-02-25,175.27,Not as Described,0,0.0
7226,2023-02-15,168.23,Changed Mind,0,0.0
7235,2023-04-22,538.84,Changed Mind,0,0.0
7244,2024-05-03,257.19,Wrong Size,0,0.0
7247,2023-02-11,1050.61,Wrong Size,0,0.0
7250,2024-01-20,1324.96,Found Cheaper,0,0.0
7256,2023-05-29,79.65,Not as Described,0,0.0
7258,2024-05-10,127.71,Changed Mind,0,0.0
7295,2024-11-27,255.96,Wrong Size,0,0.0
7306,2023-02-17,404.0,Not as Described,0,0.0
7320,2023-11-18,163.73,Changed Mind,0,0.0
7326,2024-03-16,208.85,Found Cheaper,0,0.0
7329,2024-10-16,69.58,Changed Mind,0,0.0
7332,2023-03-10,292.77,Changed Mind,0,0.0
7334,2024-12-17,467.16,Not as Described,0,0.0
7336,2024-10-18,61.33,Found Cheaper,0,0.0
7338,2023-04-03,144.34,Not as Described,0,0.0
7353,2023-12-06,1064.12,Changed Mind,0,0.0
7354,2023-12-21,780.95,Changed Mind,0,0.0
7359,2023-04-12,252.16,Changed Mind,0,0.0
7361,2023-08-02,636.68,Found Cheaper,0,0.0
7367,2024-02-14,384.43,Changed Mind,0,0.0
7371,2024-08-01,191.85,Changed Mind,0,0.0
7373,2023-03-08,799.75,Not as Described,0,0.0
7383,2023-06-19,259.0,Defective,0,0.0
7388,2024-06-11,698.92,Wrong Size,0,0.0
7390,2023-02-20,355.61,Wrong Size,0,0.0
7391,2024-03-17,702.76,Wrong Size,0,0.0
7394,2023-03-20,468.78,Changed Mind,0,0.0
7401,2023-02-05,1558.45,Wrong Size,0,0.0
7402,2023-04-12,673.2,Not as Described,0,0.0
7412,2023-05-17,1802.52,Found Cheaper,0,0.0
7414,2023-05-02,334.06,Defective,0,0.0
7424,2024-10-28,171.21,Changed Mind,0,0.0
7425,2024-09-11,281.42,Found Cheaper,0,0.0
7426,2023-01-20,909.89,Wrong Size,0,0.0
7431,2024-08-20,1564.15,Wrong Size,0,0.0
7432,2023-06-19,816.7,Changed Mind,0,0.0
7440,2024-07-19,364.55,Wrong Size,0,0.0
7445,2023-09-15,250.96,Changed Mind,0,0.0
7450,2024-02-29,202.93,Defective,0,0.0
7452,2023-12-19,135.52,Changed Mind,0,0.0
7453,2024-10-11,286.29,Wrong Size,0,0.0
7464,2023-04-25,831.52,Changed Mind,0,0.0
7469,2023-06-11,139.11,Changed Mind,0,0.0
7504,2024-10-25,289.54,Wrong Size,0,0.0
7506,2023-10-18,283.38,Changed Mind,0,0.0
7509,2023-02-01,1003.0,Wrong Size,0,0.0
7512,2023-07-25,295.28,Wrong Size,0,0.0
7513,2023-05-08,855.23,Wrong Size,0,0.0
7515,2024-01-07,427.79,Found Cheaper,0,0.0
7516,2024-07-03,418.99,Not as Described,0,0.0
7531,2023-01-30,964.98,Changed Mind,0,0.0
7537,2023-12-29,1320.78,Changed Mind,0,0.0
7540,2023-09-13,50.06,Changed Mind,0,0.0
7541,2024-05-06,937.01,Wrong Size,0,0.0
7550,2024-10-12,583.65,Changed Mind,0,0.0
7557,2023-11-08,234.46,Wrong Size,0,0.0
7562,2023-04-24,501.31,Found Cheaper,0,0.0
7563,2024-07-03,595.18,Wrong Size,0,0.0
7569,2023-10-25,897.21,Wrong Size,0,0.0
7570,2023-11-10,1641.3,Changed Mind,0,0.0
7577,2024-05-30,927.02,Changed Mind,0,0.0
7585,2023-11-28,43.24,Changed Mind,0,0.0
7588,2023-03-24,612.79,Changed Mind,0,0.0
7591,2024-05-29,95.32,Found Cheaper,0,0.0
7604,2023-12-14,38.77,Found Cheaper,0,7.99
7612,2023-07-25,274.04,Found Cheaper,0,0.0
7615,2024-12-18,278.2,Wrong Size,0,0.0
7619,2023-11-05,477.63,Found Cheaper,0,0.0
7630,2023-04-16,66.77,Changed Mind,0,0.0
7631,2024-02-13,297.7,Wrong Size,0,0.0
7634,2024-01-24,102.14,Changed Mind,0,0.0
7639,2023-08-15,783.16,Defective,0,0.0
7642,2023-10-08,223.94,Found Cheaper,0,0.0
7651,2023-03-17,332.39,Found Cheaper,0,0.0
7654,2024-08-30,198.23,Wrong Size,0,0.0
7664,2023-02-21,665.3,Changed Mind,0,0.0
7669,2024-07-30,214.61,Changed Mind,0,0.0
7680,2024-12-04,212.74,Changed Mind,0,0.0
7681,2023-02-07,1463.03,Changed Mind,0,0.0
7682,2023-02-23,597.88,Wrong Size,0,0.0
7685,2024-06-04,256.06,Changed Mind,0,0.0
7691,2023-04-17,1416.65,Wrong Size,0,0.0
7694,2024-04-04,38.26,Defective,0,0.0
7698,2023-05-03,708.61,Found Cheaper,0,0.0
7702,2023-11-23,255.95,Changed Mind,0,0.0
7723,2023-06-17,66.77,Changed Mind,0,0.0
7729,2024-08-24,764.25,Wrong Size,0,0.0
7730,2023-09-30,308.53,Wrong Size,0,0.0
7734,2023-01-28,203.52,Changed Mind,0,0.0
7741,2023-04-09,584.52,Defective,0,0.0
7749,2023-11-23,843.76,Wrong Size,0,0.0
7750,2024-12-03,1478.21,Wrong Size,0,0.0
7754,2024-12-19,293.12,Changed Mind,0,0.0
7755,2024-11-04,2555.99,Changed Mind,0,0.0
7757,2024-05-09,677.84,Changed Mind,0,0.0
7759,2023-01-21,35.29,Changed Mind,0,0.0
7767,2023-03-20,935.04,Changed Mind,0,0.0
7797,2023-04-12,580.5,Wrong Size,0,0.0
7806,2024-07-26,459.23,Not as Described,0,0.0
7810,2023-01-20,1012.58,Changed Mind,0,0.0
7811,2023-02-05,645.29,Changed Mind,0,0.0
7824,2023-12-31,235.9,Not as Described,0,0.0
7829,2023-01-31,328.2,Changed Mind,0,0.0
7831,2023-02-01,1541.53,Changed Mind,0,0.0
7835,2023-09-05,647.39,Changed Mind,0,0.0
7849,2024-07-23,575.15,Changed Mind,0,0.0
7860,2023-12-15,760.49,Changed Mind,0,0.0
7882,2023-06-06,845.41,Changed Mind,0,0.0
7888,2024-04-29,2473.23,Changed Mind,0,0.0
7896,2023-12-08,476.6,Defective,0,0.0
7900,2023-04-07,398.95,Changed Mind,0,0.0
7901,2023-01-11,284.59,Defective,0,0.0
7908,2023-08-24,377.08,Found Cheaper,0,0.0
7923,2024-09-17,313.71,Wrong Size,0,0.0
7925,2023-09-24,69.56,Wrong Size,0,0.0
7950,2023-02-17,346.36,Changed Mind,0,0.0
7951,2023-12-05,146.03,Changed Mind,0,0.0
7953,2024-10-28,753.62,Found Cheaper,0,0.0
7954,2024-05-12,152.74,Wrong Size,0,0.0
7958,2023-03-28,622.88,Wrong Size,0,0.0
7964,2024-10-16,2282.22,Found Cheaper,0,0.0
7969,2024-08-07,195.76,Not as Described,0,0.0
7970,2024-05-02,140.46,Defective,0,0.0
7978,2023-12-15,95.45,Wrong Size,0,0.0
7994,2023-10-02,219.22,Wrong Size,0,0.0
7995,2024-08-28,113.62,Wrong Size,0,0.0
